Ticker,Name
000001.SS,
000002.SS,
600000.SS,SPD BANK
600004.SS,gbiac
600006.SS,DFAC
600007.SS,"CWTC Co.,Ltd."
600008.SS,BEIJING CAPITAL
600009.SS,SIA
600010.SS,BSU
600011.SS,HPI
600012.SS,Anhui Expressway
600015.SS,HUAXIA BANK
600016.SS,CMBC
600017.SS,RIZHAO PORT
600018.SS,SIPG
600019.SS,Baosteel
600020.SS,Zhongyuan Expressway
600021.SS,SEP
600022.SS,SHANDONG STEEL
600023.SS,Zhejiang Energy Electric Power
600025.SS,Huaneng Hydropower 
600026.SS,CSET
600027.SS,HDPI
600028.SS,Sinopec Corp.
600029.SS,CHINA SOUTH AIR
600030.SS,"CITIC Securities Co., Ltd."
600031.SS,SANY
600033.SS,Fujian Expressway
600035.SS,ChuTian Expwy
600036.SS,CMB
600037.SS,BGCTV
600038.SS,-
600039.SS,SRBC
600048.SS,PRE
600050.SS,China Unicom
600051.SS,NUG
600052.SS,ZJGS
600053.SS,JD Capital
600054.SS,HSTD
600055.SS,WDM
600056.SS,CHINA MEHECO
600057.SS,XIANGYU
600058.SS,MINLIST
600059.SS,GYLS
600060.SS,HXDQ
600061.SS,SDIC Capital
600062.SS,CR Double-Crane
600063.SS,wwgx
600064.SS,NJGK
600066.SS,YTCO
600067.SS,CITYCHAMP DT 
600068.SS,£Ã£Ç£Ç£Ã
600069.SS,-
600070.SS,FURUN
600071.SS,phenix optical
600072.SS,CSSC-STC
600073.SS,SMAC
600074.SS,-
600075.SS,XJTY
600076.SS,-
600077.SS,Sundy Corporation
600078.SS,CXPC
600079.SS,HWHG
600080.SS,GINWA
600081.SS,DETC
600082.SS,HiTech Develop
600083.SS,BOOK DIGITAL
600084.SS,CITIC Wine
600085.SS,TRT
600086.SS,EASTERN GOLD JADE
600088.SS,CTV Media
600089.SS,TBEA
600090.SS,ready
600091.SS,BTTT
600093.SS,EASY VISIBLE
600094.SS,GREATTOWN
600095.SS,hhtg
600096.SS,YYTH
600097.SS,kcgj
600098.SS,GDG
600099.SS,LH
600100.SS,THTF
600101.SS,MXEP
600103.SS,qszy
600104.SS,SAIC Motor
600105.SS,ETERN
600106.SS,cqrb
600107.SS,mailyard
600108.SS, YASHENG GROUP
600109.SS,SINOLINK SECURITIES
600110.SS,NUODE
600111.SS,CNRE
600112.SS,TCKG
600113.SS,ZJDR
600114.SS,NBTM
600115.SS,CEA
600116.SS,TGWC
600117.SS,XSS
600118.SS,China Spacesat
600119.SS,Y.I.C.
600120.SS,ZJOFHC
600121.SS,ZCE
600122.SS,Hiteker
600123.SS,Shanxi lanhua
600125.SS,CRT
600126.SS,HZIS
600127.SS, JINJIAN CEREALS INDUSTRY 
600128.SS,JIANGSU HOLLY
600129.SS,TAIJI GROUP
600130.SS,BIRD 
600131.SS,SMHC
600132.SS,CBC
600133.SS,ELHT
600135.SS,"LUCKY FILM CO.,LTD"
600136.SS,DDMC
600137.SS,langshagufen
600138.SS,CYTS
600139.SS,Western Resources
600141.SS,Xingfa group
600143.SS,KINGFA
600145.SS,Yilu Wanyuan
600146.SS,SYHQ
600148.SS,CCYD
600149.SS,LFD
600150.SS,CSSC Holdings
600151.SS,HT-SAAE
600152.SS,VEKEN TECHNOLOGY
600153.SS,C&D INC.
600155.SS,-
600156.SS,HNHS
600157.SS,WTECL
600158.SS,CSI
600159.SS,D.L.real estate
600160.SS,ZJJH
600161.SS,BTBP
600162.SS,HKHC
600163.SS,ZMNY
600165.SS,nswrc
600166.SS,FOTON
600167.SS,-
600168.SS,WHKG
600169.SS,TYHI
600170.SS,SCG
600171.SS,BELLING
600172.SS,HHWW
600173.SS,WOLONG REAL ESTATE
600175.SS,MeiDu Energy
600176.SS,CJS
600177.SS,Youngor
600178.SS,DAAE
600179.SS,Antong Holdings
600180.SS,CCS
600182.SS,GITI TIRE CORP
600183.SS,Sytech
600184.SS,NORTHEO
600185.SS,GREE REAL ESTATE
600186.SS,LHG
600187.SS,ICW
600188.SS,YANZHOUCOAL
600189.SS,JLSG
600190.SS,JZP
600191.SS,HZSY
600192.SS,GWE
600193.SS,PROREAL RESOURCES
600195.SS,CAHIC
600196.SS,Fosun Pharma
600197.SS,YLT
600198.SS,DATANG TELECOM
600199.SS,AGSW
600200.SS,jswz
600201.SS,JINYU
600202.SS,HAC
600203.SS,FFEC
600206.SS,GRIAM
600207.SS,ACHT
600208.SS,XINHU ZHONGBAO
600209.SS,LAWTON DEVELOPMENT
600210.SS,ZJQY
600211.SS,TIBET PHARMA
600212.SS,JQSY
600213.SS,YABC
600215.SS,ccjk
600216.SS,ZMC
600217.SS,CRE
600218.SS,QCEC
600219.SS,NANSHAN ALUMINIUM
600220.SS,JSSS
600221.SS,HNA
600222.SS,TALOPH
600223.SS,Lushangproperty
600225.SS,TJ SONGJIANG
600226.SS, Huge Leaf 
600227.SS,-
600228.SS,CJBI
600229.SS,QCMC
600230.SS,CZDH
600231.SS,LING STEEL
600232.SS,GETM
600233.SS,YTO Express
600234.SS,GLCC
600235.SS,MFSP
600236.SS,GGEP
600237.SS,TFE
600238.SS,HAINAN YEDAO
600239.SS,YMRD
600240.SS,BJHY
600241.SS,SDWH
600242.SS,ZHONGCHANG MARINE
600243.SS,QHHD
600246.SS,Vantone Real Estate
600247.SS,CHENGCHENGGROUP
600248.SS,ychj
600249.SS,LMZ
600250.SS,NANTEX
600251.SS,GUANNONG SHARE
600252.SS,Zhongheng Group
600255.SS,-
600256.SS,GUANGHUI ENERGY
600257.SS,DHGF
600258.SS,BTG HOTELS
600259.SS,RNM
600260.SS,KAILE TECH
600261.SS,ZHEJIANG YANKON
600262.SS,NHL
600265.SS,YJFC
600266.SS,BUCID
600267.SS,HISUN
600268.SS,SAC
600269.SS, Ganyue Expressway 
600271.SS,Aisino Corporation
600272.SS,SHKK
600273.SS,JHEC
600275.SS,wcy
600276.SS,HR
600277.SS,Elion
600278.SS,OIE
600279.SS,CQGJ
600280.SS,ZYSC
600281.SS,TCICL
600282.SS,Nisco
600283.SS,QJSL
600284.SS,PD CONSTRUCTION
600285.SS,Lingrui Pharma
600287.SS,JIANGSU SAINTY
600288.SS,DHKJ
600289.SS,Boco
600290.SS,HUAYI ELEC
600291.SS,XSSYIM
600292.SS,SPICYD
600293.SS,HBSXNBM
600295.SS,Erdos
600297.SS,-
600298.SS,ANGEL
600299.SS, Adisseo 
600300.SS,VVFB
600301.SS,NNCI
600302.SS,TYPICAL
600303.SS,SG AUTOMOTIVE GROUP
600305.SS,Hengshun Vinegar
600306.SS,S.Y.C.C.
600307.SS,JSHX
600308.SS,SDHT
600309.SS,wanhua
600310.SS,GDEP
600311.SS,GSRH
600312.SS,HPEC
600313.SS,ZSIG
600315.SS,shanghai jahwa
600316.SS,HDAA
600317.SS,YKPLC
600318.SS,XLJR
600319.SS,YAXING CHEMICAL 
600320.SS,ZPMC
600321.SS,Rightway Holdings
600322.SS,TJRD
600323.SS,Grandblue ENV
600325.SS,Huafa Industrial share
600326.SS,TTC
600327.SS,CMC
600328.SS,LANTAI INDUSTRY 
600329.SS,TZXP
600330.SS,TDG
600331.SS,"Hongda Co.,Ltd"
600332.SS,GYBYS
600333.SS,-
600335.SS,Sinomach Auto
600336.SS,AUCMA
600337.SS,MIHF
600338.SS,TIBET SUMMIT
600339.SS,CPEC
600340.SS,CFLD
600343.SS,AEROSPACE POWER
600345.SS,YCIG
600346.SS,HLGF
600348.SS,YQMY
600350.SS,SDHS
600351.SS,YABAO PHAR
600352.SS,Zhejiang Longsheng
600353.SS,CDXG
600354.SS,Dunhuang Seed 
600355.SS,Routon
600356.SS,HENGFENG PAPER
600358.SS,CUTC
600359.SS,XTAD
600360.SS,Sino-Microelectronics
600361.SS,BJHLHM
600362.SS,JCCL
600363.SS,Lianovation
600365.SS,THGW
600366.SS,YUNSHENG
600367.SS,GZRS
600368.SS,WZJT
600369.SS,SWSC
600370.SS,SFX
600371.SS,"WanXiang Doneed Co.,Ltd."
600372.SS,AVIC AVIONICS
600373.SS,Chinese Media
600375.SS,HUALING XINGMA
600376.SS,BCDC
600377.SS,Jiangsu Express
600378.SS,CTYC
600379.SS,BVEA
600380.SS,Joincare
600381.SS,QINGHAI SPRING 
600382.SS,GDMZH
600383.SS,Gemdale
600385.SS,S D J T
600386.SS,BJBASHI
600387.SS,HY Energy
600388.SS,lk
600389.SS,JSAC
600390.SS,MINMETALS CAPITAL
600391.SS,AECC AST
600392.SS,SHRC
600393.SS,GZYT
600395.SS,PJRC
600396.SS,SHYJSHEN
600397.SS,ACIG
600398.SS,HLA
600399.SS,FSSS
600400.SS, Hongdou Industrial
600403.SS,DAYOU ENERGY
600405.SS,DPC
600406.SS,NARI-TECH
600408.SS,ANTAI GROUP
600409.SS,Sanyou Chemical 
600410.SS,Teamsun
600415.SS,YIWU CCC
600416.SS,XEMC
600418.SS,JAC
600419.SS,-
600420.SS, SHYNDEC 
600421.SS,YANGFANG HOLDING 
600422.SS,KPC
600423.SS,LZCIC
600425.SS,qscc
600426.SS,HUALU-HENGSHENG 
600428.SS,COSCOL
600429.SS,SANYUAN
600433.SS,GH
600435.SS,NNCC
600436.SS,PIEN TZE HUANG
600438.SS,TONGWEI
600439.SS,rebecca
600444.SS,GUOTONG PP
600446.SS,KINGDOM
600448.SS,HUAFANG 
600449.SS,NXBM
600452.SS,FULING POWER
600455.SS,But'one
600456.SS,BAOTI
600458.SS,TMT
600459.SS,SPM
600460.SS,Silan
600461.SS,HC WATERWORKS 
600462.SS,G.W
600463.SS,Airport Corp
600466.SS,BRC
600467.SS,HOMEY
600468.SS,BENEFO
600469.SS,Aeolus Tyre
600470.SS,Liuguo Chemical 
600475.SS,WHBC
600476.SS,copote
600477.SS,HXSS
600478.SS,CORUN
600479.SS,QianJin Pharmaceutical 
600480.SS,LINGYUN CORPORATION
600481.SS,SEES
600482.SS,"CSICPCo.,Ltd"
600483.SS,FUNENG CO.£¬LTD
600485.SS,XINWEI GROUP
600486.SS,Yangnong Chemical
600487.SS,HTGD
600488.SS,TJPC
600489.SS,ZHONGJIN GOLD
600490.SS,Pengxin Mining
600491.SS,LYCG
600493.SS,fzfz
600495.SS,JINXI AXLE
600496.SS,cjjg
600497.SS,Ch Zn&Ge
600498.SS,FiberHome
600499.SS,KEDA
600500.SS,SINOCHEM INTERNATIONAL
600501.SS,Aerosun
600502.SS,AWRD
600503.SS,Deluxe Family
600505.SS,XCEP
600506.SS,XLGF
600507.SS,FangDa S.Steel
600508.SS,SHANGHAI  ENERGY
600509.SS,TFNY
600510.SS,BLACK PEONY
600511.SS,SINOPHARM CNMC
600512.SS,TENGDA  CONST.
600513.SS,LHPHARMA
600515.SS,HNA Infrastructure 
600516.SS,FangDa Carbon
600517.SS,ZXDQ
600518.SS,KMYY
600519.SS,KWEICHOW MOUTAI
600520.SS,WenYi Technology
600521.SS,huahaipharm
600522.SS,ZTT
600523.SS,GACO
600525.SS,CYG
600526.SS,FEIDA ENVIRO
600527.SS,JNGX
600528.SS,CRHIC
600529.SS,SDPG
600530.SS,JIAODA ONLLY
600531.SS,YGGL
600532.SS,SHANGHAI MINING
600533.SS,CHIXIA DEVELOPMENT 
600535.SS,Tasly
600536.SS,CHINASOFT
600537.SS,EGING PV
600538.SS,Gofar Stock
600539.SS,LIONHEAD
600540.SS,XINSAI CO.£¬LTD
600543.SS,GSMG
600545.SS,SAURER
600546.SS,SCIE
600547.SS,sd-gold
600548.SS,szew
600549.SS,XTC
600550.SS,-
600551.SS,Time Publishing
600552.SS,TSTC
600555.SS,HNA INNOVATION
600556.SS,FUTURE TECHNOLOGY
600557.SS,Kanion Pharmaceutical
600558.SS,ATLANTIC
600559.SS,lao bai gan jiu
600560.SS,AriTime
600561.SS,Jiangxi Changyun
600562.SS,GLARUNTECH
600563.SS,Faratronic
600565.SS,DIMA
600566.SS,JUMPCAN
600567.SS,SHANYING PAPER
600568.SS,ZZYL
600569.SS,AYIS
600570.SS,HUNDSUN
600571.SS,Sunyard
600572.SS,CONBA
600573.SS,HuiQuan Beer 
600575.SS,Wanjiang Logistics
600576.SS,Sunriver Culture
600577.SS,TJSMW
600578.SS,BJP
600579.SS,THI
600580.SS,WOLONG ELECTRIC 
600581.SS,BYIS
600582.SS,TDTEC
600583.SS,COOEC
600584.SS,JCET
600585.SS,ACC
600586.SS,jjkj
600587.SS,SHINVA
600588.SS,Yonyou
600589.SS,GDRT
600590.SS,TELLHOW
600592.SS,LS BEARINGS
600593.SS,sunasia
600594.SS,YiBai Pharmaceutical
600595.SS,-
600596.SS,XACIG
600597.SS,BRIGHT DAIRY
600598.SS,hacl
600599.SS,PANDA FINANCIAL
600600.SS,TSINGTAO BREWERY 
600601.SS,FOUNDERTECH
600602.SS,INESA-IT
600603.SS,GHWL
600604.SS,SHIBEI HI-TECH
600605.SS,HUITONG ENERGY
600606.SS,-
600608.SS,SBT
600609.SS,SJA
600610.SS,ZYD
600611.SS,DZT
600612.SS,L.F.X
600613.SS,Shenqi Pharmaceutical
600614.SS,"PENGQI CO.,LTD"
600615.SS,SFH
600616.SS,SJW
600617.SS,GX ENERGY
600618.SS,SCAC
600619.SS,HIGHLY GROUP
600620.SS,SHSTC
600621.SS,SHCF
600622.SS,EBJB
600623.SS,-
600624.SS,FUDAN FORWARD
600626.SS,SD
600628.SS,SNW
600629.SS,Arcplus
600630.SS,SHD
600633.SS,ZDDC
600634.SS, FUKONG INTERACTIVE 
600635.SS,DZUG
600636.SS,CRCH
600637.SS,OPG
600638.SS,NHPRECL
600639.SS,Golden Bridge
600640.SS,BTH
600641.SS,SHWY
600642.SS,Shenergy
600643.SS,AJ
600644.SS,LEP
600645.SS,VCANBIO
600647.SS,SHTD
600648.SS,WGQ
600649.SS,SMI Holding
600650.SS,JINJIANG INVEST
600651.SS,FACS
600652.SS,U9 GAME
600653.SS,SSHC
600654.SS,CS
600655.SS,YYTM
600657.SS,Cinda Real Estate
600658.SS,BEZ
600660.SS,FYG
600661.SS,SXN
600662.SS,Qiang  Sheng  Holding
600663.SS,LJZ
600664.SS,HPGC
600665.SS,TANDE
600666.SS,AURORA
600667.SS,WXTJ
600668.SS,ZJJF
600671.SS,TMSP
600673.SS,"GDHEC CO.,LTD"
600674.SS,SCTE
600675.SS,CECL.
600676.SS,SJY.
600677.SS,AEROCOM
600678.SS,SCGS
600679.SS,SPEG
600681.SS,BESTSUN RNREGY 
600682.SS,NJXB
600683.SS,MTL
600684.SS,GZPR
600685.SS,COMEC
600686.SS,KLM
600687.SS,GTKG
600688.SS,SPC
600689.SS,SMEG
600690.SS,HAIER
600691.SS,YMCC
600692.SS,YT
600693.SS,FJDB
600694.SS,DS
600695.SS,GIG
600696.SS,-
600697.SS,CCEG
600698.SS,HNTY
600699.SS,NJEC
600701.SS,HGDHTED
600702.SS,-
600703.SS,SAN'AN OPTO
600704.SS,-
600705.SS,AVIC CAPITAL
600706.SS,QJCT
600707.SS,CDD
600708.SS,-
600710.SS,SUMEC
600711.SS,CTM
600712.SS,N.N.STORE
600713.SS,NPC
600714.SS,Jinrun Mineral 
600715.SS,CIH
600716.SS,PHOENIX PROPERTY
600717.SS,TIANJIN PORT
600718.SS,Neusoft
600719.SS,DTPC
600720.SS,QLS
600721.SS,BHC
600722.SS,JINNIU CHEMICAL
600723.SS,BCRG
600724.SS,NINGBOFUDA
600725.SS,YNYW
600726.SS,HDECL
600727.SS,LBC
600728.SS,PCI-STCL
600729.SS,CBEST
600730.SS,CHINA HI-TECH
600731.SS,HLC
600732.SS,Shanghai Xinmei
600733.SS,QFEC
600734.SS,SG
600735.SS,HIKING
600736.SS,SZNH
600737.SS,Cofco  Tunhe  
600738.SS,LZMB
600739.SS,LNCD
600740.SS,SCC
600741.SS,HASCO
600742.SS,FAWAY
600743.SS,HY PROPERTY
600744.SS,DHEP
600745.SS,WINGTECH
600746.SS,SOPO
600747.SS,dldf
600748.SS,SID
600749.SS,TIBET TOURISM
600750.SS,JZYY
600751.SS,HNA Technology
600753.SS,HOSSI
600754.SS,JINJIANG SHARES
600755.SS,ITG
600756.SS,ISS
600757.SS,CJPL
600758.SS,HYNY
600759.SS,Geo-Jade Petroleum
600760.SS,AVIC SAC
600761.SS,AHHL
600763.SS,TCMEDICAL
600764.SS,-
600765.SS,AVICHM
600766.SS,yuancheng gold
600767.SS,-
600768.SS,NBFB
600769.SS,XLDY
600770.SS,JSZY
600771.SS,GuangYuYuan
600773.SS,TUDI
600774.SS,HSGC
600775.SS,NPEC
600776.SS,Eastcom
600777.SS,XCEC
600778.SS,YOUHAO GROUP
600779.SS,SCSF
600780.SS,TEC
600781.SS,FUREN
600782.SS,xinsteel
600783.SS,"Luxin Co.,"
600784.SS,LUYIN INVEST
600785.SS,XHCG
600787.SS,CMST
600789.SS,LKPC
600790.SS,L&T  City
600791.SS,BEH-ZY
600792.SS,YNCE
600793.SS,Yibin Paper
600794.SS,ZFTC
600795.SS,GDPD
600796.SS,QJBIOCH
600797.SS,INSIGMA
600798.SS,NBMC
600800.SS,GMCC
600801.SS,HUAXINCEM
600802.SS,FJC
600803.SS,ENN-EC
600804.SS,DR.PENG
600805.SS,Yueda Inv.
600807.SS,S.T.H
600808.SS,MAS C.L.
600809.SS,Shanxi Fen Wine
600810.SS,SMIC
600811.SS,OGI
600812.SS,NCPC
600814.SS,HJBG
600815.SS,XGMA
600816.SS,AXXT
600817.SS,HST
600818.SS,ZLC
600819.SS,SYP
600820.SS,STEC
600821.SS,TJQYC
600822.SS,SMTC
600823.SS,SMC
600824.SS,YIMIN GROUP
600825.SS,Xinhua Media
600826.SS,LANSHENG
600827.SS,SBGCL
600828.SS,Maoye Commercial 
600829.SS,HRPC
600830.SS,SLT
600831.SS,SXBN
600833.SS,NO.1.PHARMAC
600834.SS,shentong metro
600835.SS,SMEIC
600836.SS,J.L.C
600837.SS,"HAITONG Securities Co.,Ltd."
600838.SS,SHJB
600839.SS,CHANGHONG
600841.SS,SDEC
600843.SS,ShangGong Group
600844.SS,DHCT
600845.SS,Baosight
600846.SS,TJKJ
600847.SS,Wanli New Energy
600848.SS,SLHC
600850.SS,ECC
600851.SS,HX GROUP
600853.SS,LJRB
600854.SS,CHUNLAN
600855.SS,ASCF
600856.SS,-
600857.SS,NBZB
600858.SS,INZONE
600859.SS,Wangfujing
600860.SS,JINGCHENG MAC
600861.SS,BURCG
600862.SS,-
600863.SS,NMHD
600864.SS,HTGF
600865.SS,BAIDA GROUP
600866.SS,STARLAKE SCIENCE
600867.SS,THDB
600868.SS,MEI YAN
600869.SS,Smarter Energy
600870.SS,XOCECO
600871.SS,SSC
600872.SS,JonJee Hi-tech
600873.SS,MEIHUA BIO
600874.SS,TCEPC
600875.SS,DEC
600876.SS,LYG
600877.SS,JIALING
600879.SS,CATEC-LTD
600880.SS,B-RAYMEDIA
600881.SS,YTG
600882.SS,Milkground
600883.SS,YBTI
600884.SS,NBSS
600885.SS,Hongfa
600886.SS,SDIC Power
600887.SS,YILI
600888.SS,XJJW
600889.SS,NCFC
600890.SS,CRED HOLDING
600891.SS,£È£Ñ£Ì
600892.SS,DASHENG CULTURE
600893.SS,AECC AP
600894.SS,GRI
600895.SS,ZJHTC
600896.SS,LMI
600897.SS,XIAC
600898.SS,GMTC
600900.SS,CYPC
600901.SS,JFL
600903.SS,Guizhou Gas
600908.SS,Wuxi Rural Commercial Bank
600909.SS,HUAAN SECURITIES
600917.SS,CQGAS
600919.SS,BANK OF JIANGSU
600926.SS,BANK OF HANGZHOU
600928.SS,BANK OF XI'AN
600929.SS,-
600933.SS,IKD
600936.SS,-
600939.SS,CCEGC
600958.SS,ORIENT SECURITIES 
600959.SS,JSCN
600960.SS,BHAS
600961.SS,ZHUZHOU SMELTER
600962.SS,SDICZL
600963.SS,yyfp
600965.SS,Fortune
600966.SS,sdbh
600967.SS,nmyj
600969.SS,Chendian International 
600970.SS,sinoma-int
600971.SS,HYMD
600973.SS,BAOSHENG SCI
600975.SS,NWF
600976.SS,JIANMIN GROUP
600977.SS,CFC
600978.SS,Yihua Life
600979.SS,AAA PUBLIC
600980.SS,BGRIMMTEC
600981.SS,HIGH HOPE GROUP
600982.SS,nbtp
600983.SS,Whirlpool
600984.SS,SCMC
600985.SS,hbky
600986.SS,KEDA GROUP
600987.SS,ZJHM
600988.SS,CHIFENG GOLD
600990.SS,Sun-Create
600992.SS,GZWRC
600993.SS,Mayinglong
600995.SS,WSDL
600996.SS,GZBN
600997.SS,KEC
600998.SS,Jointown
600999.SS,CMS
601000.SS,TSPGC
601001.SS,DTCI
601002.SS,GEM-YEAR
601003.SS,LIUSTEELCO
601005.SS,CISC
601006.SS,Daqin Railway
601007.SS,JINLING HOTEL
601008.SS,lygport
601009.SS,NJCB
601010.SS,WFDSJ
601011.SS,QBC
601012.SS,LONGi
601015.SS,Shaanxi Heimao
601016.SS,CECWPC
601018.SS,NZP
601019.SS,Shandong Publishing&Media
601020.SS,-
601021.SS,SA
601028.SS,YLSP
601038.SS,FIRST TRACTOR
601058.SS,Sailun Group
601066.SS,CSC
601068.SS,CHALIECO
601069.SS,-
601086.SS,GGITG
601088.SS,CHINA SHENHUA
601098.SS,CNS
601099.SS,PACIFIC SECURITIES
601100.SS,JSHL
601101.SS, HAOHUA ENERGY 
601106.SS,CFHI
601107.SS,Sichuan Express
601108.SS,CAITONG SECURITIES
601111.SS,Air China 
601113.SS,Huading Corp.
601116.SS,SJGW
601117.SS,CNCEC
601118.SS,HAINAN RUBBER GROUP
601126.SS,SIFANG
601127.SS,SOKON
601128.SS,Changshu Bank
601137.SS,BAMC
601138.SS,-
601139.SS,SGC
601155.SS,Future Land
601158.SS,CHONGQING WATER
601162.SS,-
601163.SS,-
601166.SS,INDUSTRIAL BANK
601168.SS,Western Mining
601169.SS,BOB
601177.SS,HAGG
601179.SS,China XD
601186.SS,CRCC
601188.SS,HTDC
601198.SS,"DONGXING SECURITIES CO., LTD."
601199.SS,Jiangnan Water
601200.SS,SHANGHAI ENVIRONMENT
601208.SS,EMT
601211.SS,GTJA
601212.SS,BNMC
601216.SS,JUNZHENG
601218.SS,SINOJIT Technology
601222.SS,LINYANG ENERGY
601225.SS,SHCI
601226.SS,HUADIAN HEAVY INDUSTRIES
601228.SS,guangzhou port
601229.SS,Bank of Shanghai 
601231.SS,USISH
601233.SS,tkgf
601238.SS,GAC  GROUP
601258.SS,PD Group
601288.SS,AGRICULTURAL BANK OF CHINA
601298.SS,QDPI
601311.SS,Camel Group
601318.SS,PING AN OF CHINA
601319.SS,PICC Group
601326.SS,QHD Port
601328.SS,BANKCOMM
601330.SS,Dynagreen
601333.SS,GSRC
601336.SS,NCI
601339.SS,BROS EASTERN
601360.SS,360
601366.SS,"Liqun Co., Ltd. "
601368.SS,-
601369.SS,ShaanGu
601375.SS,CCSC
601377.SS,IS
601388.SS,Yechiu Recycling
601390.SS,China Railway
601398.SS,ICBC
601500.SS,GS
601515.SS,DFP
601518.SS,JLEC
601519.SS,DZH
601555.SS,SCS
601558.SS,Sinovel
601566.SS,JOEONE
601567.SS,SANXING MEDICAL
601577.SS,BANK OF CHANGSHA
601579.SS,-
601588.SS,BEIJING N STAR
601595.SS,SFC
601598.SS,SINOTRANS
601599.SS,LGWH
601600.SS,CHALCO
601601.SS,CPIC
601606.SS,GreatWall Military Industry 
601607.SS,Shanghai Pharma
601608.SS,CITIC HIC
601611.SS,CNEC
601615.SS,Ming Yang Smart Energy
601616.SS,SGEG
601618.SS,MCC
601619.SS,Jiaze Renewables 
601628.SS,China Life
601633.SS,Great Wall Motor
601636.SS,Kibing
601666.SS,pingmei coal
601668.SS,CSCEC
601669.SS,POWERCHINA Ltd.
601677.SS,Mtalco
601678.SS,BEFAR
601688.SS,HTSC
601689.SS,-
601699.SS,lu'an EED
601700.SS,CHANGSHU FENGFAN
601717.SS,ZMJ
601718.SS,Jihua Group
601727.SS,Shanghai Electric
601766.SS,CRRC
601777.SS,LIFAN
601788.SS,EBSCN
601789.SS,NB CONSTRUCTION
601798.SS,Lanpec
601799.SS,"Xingyu Co.,Ltd"
601800.SS,CCCC
601801.SS,WANXIN MEDIA
601808.SS,COSL
601811.SS,Xinhua Winshare
601818.SS,CEB BANK
601828.SS,Red Star Macalline
601838.SS,BANK OF CHENGDU
601857.SS,PetroChina
601858.SS,CSPM
601860.SS,-
601865.SS,Flat Glass Group
601866.SS,COSCO SHIPPING Development
601869.SS,YOFC
601872.SS,CMES
601877.SS,CHINT ELECTRICS
601878.SS,-
601880.SS,Dalian Port
601881.SS,CHINA GALAXY
601882.SS,-
601886.SS,JANGHO
601888.SS,CITS
601890.SS,AsAc
601898.SS,China Coal Energy
601899.SS,Zijin Mining
601900.SS,SPM
601901.SS,Founder Securities
601908.SS,JYT
601918.SS,XINJI ENERGY
601919.SS,COSCO SHIP HOLD
601928.SS,PHOENIX MEDIA
601929.SS,JISHI MEDIA
601933.SS,YONGHUI SUPERSTORES
601939.SS,CCB
601949.SS,China Publishing & Media
601952.SS,Suken Agriculture
601958.SS,JDCMOLY
601965.SS,CAERI
601966.SS,Linglong Tyre
601968.SS,Baosteelpackage
601969.SS,Hainan Mining
601975.SS,NJTC
601985.SS,CNNP
601988.SS,Bank of China
601989.SS,CSICL
601990.SS,NSC
601991.SS,Datang Power
601992.SS,BBMG
601996.SS,Fenglin Group
601997.SS,BANK OF GUIYANG
601998.SS,CNCB
601999.SS,NUPMG
603000.SS,People.cn
603001.SS,AoKang 
603002.SS,EBEM
603003.SS,"Shanghai Lonyer Fuels CO.,LTD"
603005.SS,WLCSP
603006.SS,Lianming
603007.SS,-
603008.SS,XILINMEN
603009.SS,SHBT
603010.SS,-
603011.SS,HFM
603012.SS,Chuangli Group
603013.SS,YAPP
603015.SS,TECHMATION
603016.SS,New Hongtai
603017.SS,ARTS Group
603018.SS,-
603019.SS,Sugon
603020.SS,Apple Group
603021.SS,SDHP
603022.SS,XINTONGLIAN
603023.SS,viti
603025.SS,-
603026.SS,-
603027.SS,-
603028.SS,safety
603029.SS, Swan Cotton Machinery 
603030.SS,trendzone
603031.SS,Andeli
603032.SS,De Xin Road Transportation
603033.SS,Three-V
603035.SS,CAIP
603036.SS,RT
603037.SS,Carthane
603038.SS,HUALI
603039.SS,WEAVER NETWORK 
603040.SS,XZB
603041.SS,Maysta
603042.SS,Huamai Technology
603043.SS,-
603045.SS,-
603050.SS,-
603055.SS,-
603056.SS,DEPPON Corp.
603058.SS,Yongji Printing
603059.SS,Perfect
603060.SS,CTC
603063.SS,hoepwind
603066.SS,INFORM
603067.SS,-
603069.SS,-
603076.SS,LEHUI International
603077.SS,HBC
603078.SS,Jianghua Micro
603079.SS, SHENGDA BIO-PHARM 
603080.SS,-
603081.SS,DFSY
603083.SS,CIG Tech
603085.SS,TC
603086.SS,CYNDA
603088.SS,JDM
603089.SS,ADD 
603090.SS,-
603096.SS,THINKINGDOM
603098.SS,CENTERINT
603099.SS,cbm
603100.SS,CYA
603101.SS,Wuika Times
603103.SS,-
603105.SS,SUNOREN
603106.SS,cashway
603108.SS,-
603110.SS,-
603111.SS,KN
603113.SS,JINNENG
603116.SS,-
603117.SS,-
603118.SS,GONGJIN
603121.SS,sinotec
603123.SS,-
603126.SS,Sinoma-ec
603127.SS,-
603128.SS,CTS Logistics
603129.SS,-
603131.SS,-
603133.SS,Tanyuan Tech
603136.SS,"TIANMU LAKE TOURISM CO.,LTD"
603138.SS,VASTDATA
603139.SS, KANGHUI PHARMACEUTICAL
603156.SS,-
603157.SS,Lachapelle
603158.SS,CZTL
603159.SS,-
603160.SS,GOODIX
603161.SS,Kehua Holdings
603165.SS,-
603166.SS,-
603167.SS,BHLD
603168.SS,SPAS
603169.SS,LSHEC
603177.SS,TUNA
603178.SS,SLPT
603179.SS,Xinquan Automotive Trim
603180.SS,canc
603181.SS,HUANGMA
603183.SS,IBS
603185.SS,SJSK
603186.SS,Huazheng New Material
603187.SS,Hiron Cold Chain
603188.SS,YABANG
603189.SS,Wondertek
603192.SS, Huide Science & Technology 
603196.SS,Ribo Fashion
603197.SS,Baolong Automotive 
603198.SS,YINGJIA DISTILLERY
603199.SS,JHT
603200.SS,ECH
603203.SS,QUICK CO.
603208.SS,Jiangshan Oupai
603214.SS,aiyingshi
603218.SS,-
603220.SS,-
603222.SS,-
603223.SS,HENGTONG LOGISTICS
603225.SS,xfmgroup
603226.SS,-
603227.SS,-
603228.SS,Kinwong
603229.SS,Ausun Pharm
603232.SS,KOAL
603233.SS,DSL
603238.SS,Nbond
603239.SS,zjxt
603258.SS,Electronic Soul Network
603259.SS,WuXi AppTec
603260.SS,Hoshine Silicon
603266.SS,Tianlong Corporation
603268.SS,SONGFA
603269.SS,SGC
603277.SS,YINDU KITCHEN EQUIPMENT
603278.SS,-
603283.SS,secote co. ltd.
603286.SS,R&Y
603288.SS,HAI TIAN
603289.SS,TEDERiC
603297.SS,-
603298.SS,-
603299.SS,-
603300.SS,-
603301.SS,Zhende Medical
603303.SS,-
603305.SS,-
603306.SS,HMT
603308.SS,YINGLIU
603309.SS,-
603311.SS,Goldensea
603313.SS,"Healthcare Co.,Ltd"
603315.SS,fu an
603316.SS,-
603318.SS,ENERGAS
603319.SS,HOP
603320.SS,DIBAY
603321.SS,-
603322.SS,STS
603323.SS,WUJIANG RURAL COMMERCIAL BANK
603326.SS,OLO Home
603328.SS,Ellingtonpcb
603329.SS,Shanghai Yashi
603330.SS,-
603331.SS,-
603332.SS,-
603333.SS,STAR CABLE
603335.SS,DCENTI
603336.SS,GREAT-SUN
603337.SS,JACK
603338.SS,Zhejiang Dingli
603339.SS,SQTEG
603345.SS,-
603348.SS,-
603351.SS,Well Pharmaceutical 
603355.SS,Kingclean
603356.SS, Valin Precision 
603357.SS,ATCDI
603358.SS,Huada
603359.SS,-
603360.SS,-
603363.SS,Aonong Group
603365.SS,-
603366.SS,Solareast
603367.SS,CISEN
603368.SS,LZYY
603369.SS,King¡¯s Luck
603377.SS,dfss
603378.SS,YSCN
603380.SS,ETRON
603383.SS,Apexsoft
603385.SS,HUIDA SANITARY
603386.SS,GUANGDONG CHAMPION ASIA
603387.SS,Getein Biotech
603388.SS,-
603389.SS,A-Zenith
603393.SS,-
603396.SS,JINCHEN MACHINERY 
603398.SS,banbao
603399.SS,-
603416.SS,Xinje Electric
603421.SS, Topscomm Communication 
603429.SS,-
603444.SS,G-bits
603456.SS,JIUZHOU  PHARMACEUTICAL
603458.SS,GSDC
603466.SS,-
603477.SS,-
603486.SS,ECOVACS
603488.SS,Flying Technology
603496.SS,EmbedWay
603499.SS,-
603500.SS,Tiantai Xianghe 
603501.SS,Willsemi
603505.SS,China kings
603506.SS,NACITY SERVICE
603507.SS,-
603508.SS,-
603515.SS,OPPLE
603516.SS,Tricolor
603517.SS,-
603518.SS,VGRASS
603519.SS,LIBA
603520.SS,Starry
603527.SS,ZYNM
603528.SS,DUOLUN TECHNOLOGY 
603533.SS,-
603535.SS,-
603536.SS,-
603538.SS,Menovo
603555.SS,Guirenniao
603556.SS,HXEC
603557.SS,"Qibu Co.,Ltd."
603558.SS,Jasan Group
603559.SS,-
603566.SS,PULIKE
603567.SS,-
603568.SS,WEIMING
603569.SS,Changjiu Logistics
603577.SS,HJT STEEL TOWER
603578.SS,Zhejiang Three Stars New Materials
603579.SS,Rongtai Health
603580.SS,AA BELTING
603583.SS,-
603585.SS,Suli
603586.SS,SGP
603587.SS,DAZZLE FASHION
603588.SS,BGE
603589.SS,Kouzijiao
603590.SS,Konruns
603595.SS,tony tech
603596.SS,BTL
603598.SS,Inly Media
603599.SS,-
603600.SS,UE
603601.SS,Zaisheng Technology
603602.SS,FREELYNET
603603.SS,-
603605.SS,PROYA
603606.SS,NINGBO ORIENT WIRES & CABLES
603607.SS,-
603608.SS,TOPSCORE FASHION
603609.SS,Wellhope
603611.SS,NOBLELIFT
603612.SS,Sunstone Development
603615.SS,Chahua
603616.SS,HJHS
603617.SS,JUNHE
603618.SS,-
603619.SS,ZPEC
603626.SS,kersen
603628.SS,-
603629.SS,lettall
603630.SS,Lafang
603633.SS,LAIMU Electronics
603636.SS,Linewell
603637.SS,ZPEC
603638.SS,EDDIE
603639.SS,Hailir
603648.SS,SLC
603650.SS,-
603655.SS,Langbo  Technology
603656.SS,-
603657.SS,-
603658.SS,-
603659.SS,PTL
603660.SS,-
603661.SS,Henglin
603663.SS,-
603665.SS,KLD
603666.SS,YIJIAHE
603667.SS,XCC
603668.SS,TIANMA TECH
603669.SS,Lionco
603676.SS,Tibet Weixinkang Medicine
603677.SS,Qijing Machinery
603678.SS,TORCH ELECTRON 
603679.SS, HUATI TECHNOLOGY
603680.SS,KTK GROUP
603681.SS,YONGGUAN
603683.SS,-
603685.SS,-
603686.SS,FULONGMA
603688.SS,PACIFIC QUARTZ
603689.SS,ANG
603690.SS,PNC
603693.SS,Jiangsu New Energy
603696.SS,ANJI FOOD
603698.SS,CECO
603699.SS,NEWAY
603700.SS,NWM
603701.SS,-
603703.SS,-
603706.SS,-
603707.SS,NKF
603708.SS,Jiajiayue
603709.SS,ZOY
603711.SS,-
603712.SS,712 Corp.
603713.SS,MILKYWAY
603716.SS,thalys
603717.SS,TianYu Ecology
603718.SS,HILE
603721.SS,-
603722.SS,Acryl
603725.SS,Tianan New Material 
603726.SS,Langdi Group
603727.SS,BOMESC
603728.SS,MOONS'
603729.SS,OBM
603730.SS,Daimay
603733.SS,Xianhe
603737.SS,SKSHU
603738.SS,TKD
603739.SS,Vland Biotech
603757.SS,DAYUAN PUMP
603758.SS,QA
603766.SS,LONCIN
603767.SS,-
603768.SS,-
603773.SS,WG Tech
603776.SS,Youon
603777.SS,LYFEN
603778.SS,ÎÞ
603779.SS,WLGF
603787.SS,XINRI E-VEHICLE 
603788.SS,-
603789.SS,TAM
603790.SS,ARGUS
603797.SS,-
603798.SS,COPTON
603799.SS,HUAYOU COBALT
603800.SS,DSGF
603801.SS,ZBOM
603803.SS,RAISECOM
603806.SS,First
603808.SS,Ellassay
603809.SS,HAONENG
603810.SS,Fengshan Group
603811.SS,chengyipharma
603813.SS,GENSHO
603816.SS,-
603817.SS,-
603818.SS,QM Home
603819.SS,Shenli
603822.SS,-
603823.SS,LILY GROUP
603825.SS,Hylink
603826.SS,KUNCAI TECHNOLOGY
603828.SS,Kelida
603829.SS,-
603833.SS,OPPEIN
603838.SS,SITONG
603839.SS,Anzheng Fashion
603843.SS,-
603848.SS,Hotata
603855.SS,-
603856.SS,-
603858.SS,BUCHANG PHARMA
603859.SS,NANCAL
603860.SS,-
603861.SS,BYE
603866.SS,-
603868.SS,flyco
603869.SS, ENC
603871.SS,JIA YOU INTERNATIONAL 
603876.SS,-
603877.SS,-
603878.SS,Wujin Stainless
603879.SS,YONGYUE 
603880.SS,-
603881.SS,Athub
603882.SS,Kingmed Diagnostics
603883.SS,LBX Drugs
603885.SS,JUNEYAOAIR
603886.SS,GANSO
603887.SS,SHCD
603888.SS,XHW
603889.SS,-
603890.SS,Chunqiu ET
603895.SS,-
603896.SS,Shouxiangu
603897.SS,GRANDWALL
603898.SS,Holike
603899.SS,M&G
603900.SS,Leysen 1855
603901.SS,Youngsun Intelligent 
603903.SS,CSD Water Service 
603906.SS,LOPAL
603908.SS,-
603909.SS,HOLSIN
603912.SS,Canatal
603916.SS,-
603917.SS,Heli Technology
603918.SS,shgbit
603919.SS,JINHUI
603920.SS,OLYMPIC
603922.SS,JHS
603926.SS,-
603928.SS,Xingye
603929.SS,L&K
603933.SS,RAYNEN
603936.SS,BOMIN ELECTRONICS
603937.SS,LDXC
603938.SS,-
603939.SS,-
603955.SS,-
603956.SS,WPG
603958.SS,HARSON
603959.SS,ÎÞ
603960.SS,Kelai Mechatronics
603963.SS,Dali Pharmaceutical
603966.SS,Eurocrane
603968.SS,-
603969.SS,-
603970.SS,SAL
603976.SS,-
603977.SS,Guotai Group
603978.SS,sunxing
603979.SS,JCHX
603980.SS,jihuagroup
603985.SS,-
603986.SS,GigaDevice
603987.SS,KDL
603988.SS,sec
603989.SS,AIHUA GROUP 
603990.SS,MEDITECH
603991.SS,Originaldow
603993.SS,CMOC
603996.SS,CHUNGHSIN TECHNOLOGY
603997.SS,-
603998.SS," Fangsheng Pharmaceutical Co., Ltd."
603999.SS,DZCM
900901.SS,INESA-IT
900902.SS,SHIBEI HI-TECH
900903.SS,DZT
900904.SS,Shenqi Pharmaceutical
900905.SS,L.F.X
900906.SS,ZYD
900907.SS,"PENGQI CO.,LTD"
900908.SS,SCAC
900909.SS,-
900910.SS,HIGHLY GROUP
900911.SS,Golden Bridge
900912.SS,WGQ
900913.SS,GX ENERGY
900914.SS,JINJIANG INVEST
900915.SS,ZLC
900916.SS,SPEG
900917.SS,HX GROUP
900918.SS,SYP
900919.SS,GIG
900920.SS,SDEC
900921.SS,DHCT
900922.SS,SMEG
900923.SS,SBGCL
900924.SS,ShangGong Group
900925.SS,SMEIC
900926.SS,Baosight
900927.SS,SMTC
900928.SS,SLHC
900929.SS,JINJIANG TRAVEL
900932.SS,LJZ
900933.SS,HUAXINCEM
900934.SS,JINJIANG SHARES
900935.SS,SYSI
900936.SS,Erdos
900937.SS,HDECL
900938.SS,HNA Technology
900939.SS,SHBM
900940.SS,GREATTOWN
900941.SS,Eastcom
900942.SS,HSTD
900943.SS,SHKK
900945.SS,HNA
900946.SS,HNTY
900947.SS,ZPMC
900948.SS,IMYCC
900950.SS,Future Land
900951.SS,DLHG
900952.SS,JZP
900953.SS,"KAMA CO., LTD."
900955.SS,HNA INNOVATION
900956.SS,DONGBEI
900957.SS,-
510010.SS,
510020.SS,
510030.SS,
510050.SS,
510060.SS,
510070.SS,
510090.SS,
510110.SS,
510120.SS,
510130.SS,
510150.SS,
510160.SS,
510170.SS,
510180.SS,
510190.SS,
510210.SS,
510220.SS,
510230.SS,
510260.SS,
510270.SS,
510290.SS,
510300.SS,
510310.SS,
510330.SS,
510360.SS,
510380.SS,
510390.SS,
510410.SS,
510430.SS,
510440.SS,
510500.SS,
510510.SS,
510520.SS,
510550.SS,
510560.SS,
510580.SS,
510590.SS,
510600.SS,
510630.SS,
510650.SS,
510660.SS,
510680.SS,
510710.SS,
510800.SS,
510810.SS,
510850.SS,
510880.SS,
510900.SS,
511010.SS,
511020.SS,
511030.SS,
511220.SS,
511260.SS,
511270.SS,
511280.SS,
511290.SS,
511310.SS,
512000.SS,
512010.SS,
512040.SS,
512070.SS,
512090.SS,
512100.SS,
512120.SS,
512150.SS,
512160.SS,
512180.SS,
512200.SS,
512220.SS,
512260.SS,
512280.SS,
512300.SS,
512310.SS,
512330.SS,
512340.SS,
512360.SS,
512390.SS,
512400.SS,
512500.SS,
512510.SS,
512520.SS,
512550.SS,
512560.SS,
512570.SS,
512580.SS,
512590.SS,
512600.SS,
512610.SS,
512640.SS,
512660.SS,
512680.SS,
512700.SS,
512770.SS,
512780.SS,
512800.SS,
512810.SS,
512820.SS,
512850.SS,
512860.SS,
512870.SS,
512880.SS,
512890.SS,
512900.SS,
512920.SS,
512950.SS,
512960.SS,
512980.SS,
512990.SS,
513030.SS,
513050.SS,
513100.SS,
513500.SS,
513600.SS,
513660.SS,
513680.SS,
513900.SS,
518800.SS,
518880.SS,
000001.SZ,
000002.SZ,
000004.SZ,
000005.SZ,
000006.SZ,
000007.SZ,
000008.SZ,
000009.SZ,
000010.SZ,
000011.SZ,
000012.SZ,
000014.SZ,
000016.SZ,
000017.SZ,
000018.SZ,
000019.SZ,
000020.SZ,
000021.SZ,
000023.SZ,
000025.SZ,
000026.SZ,
000027.SZ,
000028.SZ,
000029.SZ,
000030.SZ,
000031.SZ,
000032.SZ,
000034.SZ,
000035.SZ,
000036.SZ,
000037.SZ,
000038.SZ,
000039.SZ,
000040.SZ,
000042.SZ,
000043.SZ,
000045.SZ,
000046.SZ,
000048.SZ,
000049.SZ,
000050.SZ,
000055.SZ,
000056.SZ,
000058.SZ,
000059.SZ,
000060.SZ,
000061.SZ,
000062.SZ,
000063.SZ,
000065.SZ,
000066.SZ,
000068.SZ,
000069.SZ,
000070.SZ,
000078.SZ,
000088.SZ,
000089.SZ,
000090.SZ,
000096.SZ,
000099.SZ,
000100.SZ,
000150.SZ,
000151.SZ,
000153.SZ,
000155.SZ,
000156.SZ,
000157.SZ,
000158.SZ,
000159.SZ,
000166.SZ,
000301.SZ,
000333.SZ,
000338.SZ,
000400.SZ,
000401.SZ,
000402.SZ,
000403.SZ,
000404.SZ,
000407.SZ,
000408.SZ,
000409.SZ,
000410.SZ,
000411.SZ,
000413.SZ,
000415.SZ,
000416.SZ,
000417.SZ,
000418.SZ,
000419.SZ,
000420.SZ,
000421.SZ,
000422.SZ,
000423.SZ,
000425.SZ,
000426.SZ,
000428.SZ,
000429.SZ,
000430.SZ,
000488.SZ,
000498.SZ,
000501.SZ,
000502.SZ,
000503.SZ,
000504.SZ,
000505.SZ,
000506.SZ,
000507.SZ,
000509.SZ,
000510.SZ,
000513.SZ,
000514.SZ,
000516.SZ,
000517.SZ,
000518.SZ,
000519.SZ,
000520.SZ,
000521.SZ,
000523.SZ,
000524.SZ,
000525.SZ,
000526.SZ,
000528.SZ,
000529.SZ,
000530.SZ,
000531.SZ,
000532.SZ,
000533.SZ,
000534.SZ,
000536.SZ,
000537.SZ,
000538.SZ,
000539.SZ,
000540.SZ,
000541.SZ,
000543.SZ,
000544.SZ,
000545.SZ,
000546.SZ,
000547.SZ,
000548.SZ,
000550.SZ,
000551.SZ,
000552.SZ,
000553.SZ,
000554.SZ,
000555.SZ,
000557.SZ,
000558.SZ,
000559.SZ,
000560.SZ,
000561.SZ,
000563.SZ,
000564.SZ,
000565.SZ,
000566.SZ,
000567.SZ,
000568.SZ,
000570.SZ,
000571.SZ,
000572.SZ,
000573.SZ,
000576.SZ,
000581.SZ,
000582.SZ,
000584.SZ,
000585.SZ,
000586.SZ,
000587.SZ,
000589.SZ,
000590.SZ,
000591.SZ,
000592.SZ,
000593.SZ,
000595.SZ,
000596.SZ,
000597.SZ,
000598.SZ,
000599.SZ,
000600.SZ,
000601.SZ,
000603.SZ,
000605.SZ,
000606.SZ,
000607.SZ,
000608.SZ,
000609.SZ,
000610.SZ,
000611.SZ,
000612.SZ,
000613.SZ,
000615.SZ,
000616.SZ,
000617.SZ,
000619.SZ,
000620.SZ,
000622.SZ,
000623.SZ,
000625.SZ,
000626.SZ,
000627.SZ,
000628.SZ,
000629.SZ,
000630.SZ,
000631.SZ,
000632.SZ,
000633.SZ,
000635.SZ,
000636.SZ,
000637.SZ,
000638.SZ,
000639.SZ,
000650.SZ,
000651.SZ,
000652.SZ,
000655.SZ,
000656.SZ,
000657.SZ,
000659.SZ,
000661.SZ,
000662.SZ,
000663.SZ,
000665.SZ,
000666.SZ,
000667.SZ,
000668.SZ,
000669.SZ,
000670.SZ,
000671.SZ,
000672.SZ,
000673.SZ,
000676.SZ,
000677.SZ,
000678.SZ,
000679.SZ,
000680.SZ,
000681.SZ,
000682.SZ,
000683.SZ,
000685.SZ,
000686.SZ,
000687.SZ,
000688.SZ,
000690.SZ,
000691.SZ,
000692.SZ,
000693.SZ,
000695.SZ,
000697.SZ,
000698.SZ,
000700.SZ,
000701.SZ,
000702.SZ,
000703.SZ,
000705.SZ,
000707.SZ,
000708.SZ,
000709.SZ,
000710.SZ,
000711.SZ,
000712.SZ,
000713.SZ,
000715.SZ,
000716.SZ,
000717.SZ,
000718.SZ,
000719.SZ,
000720.SZ,
000721.SZ,
000722.SZ,
000723.SZ,
000725.SZ,
000726.SZ,
000727.SZ,
000728.SZ,
000729.SZ,
000731.SZ,
000732.SZ,
000733.SZ,
000735.SZ,
000736.SZ,
000737.SZ,
000738.SZ,
000739.SZ,
000750.SZ,
000751.SZ,
000752.SZ,
000753.SZ,
000755.SZ,
000756.SZ,
000757.SZ,
000758.SZ,
000759.SZ,
000760.SZ,
000761.SZ,
000762.SZ,
000766.SZ,
000767.SZ,
000768.SZ,
000776.SZ,
000777.SZ,
000778.SZ,
000779.SZ,
000780.SZ,
000782.SZ,
000783.SZ,
000785.SZ,
000786.SZ,
000788.SZ,
000789.SZ,
000790.SZ,
000791.SZ,
000792.SZ,
000793.SZ,
000795.SZ,
000796.SZ,
000797.SZ,
000798.SZ,
000799.SZ,
000800.SZ,
000801.SZ,
000802.SZ,
000803.SZ,
000806.SZ,
000807.SZ,
000809.SZ,
000810.SZ,
000811.SZ,
000812.SZ,
000813.SZ,
000815.SZ,
000816.SZ,
000818.SZ,
000819.SZ,
000820.SZ,
000821.SZ,
000822.SZ,
000823.SZ,
000825.SZ,
000826.SZ,
000828.SZ,
000829.SZ,
000830.SZ,
000831.SZ,
000833.SZ,
000835.SZ,
000836.SZ,
000837.SZ,
000838.SZ,
000839.SZ,
000848.SZ,
000850.SZ,
000851.SZ,
000852.SZ,
000856.SZ,
000858.SZ,
000859.SZ,
000860.SZ,
000861.SZ,
000862.SZ,
000863.SZ,
000868.SZ,
000869.SZ,
000875.SZ,
000876.SZ,
000877.SZ,
000878.SZ,
000880.SZ,
000881.SZ,
000882.SZ,
000883.SZ,
000885.SZ,
000886.SZ,
000887.SZ,
000888.SZ,
000889.SZ,
000890.SZ,
000892.SZ,
000893.SZ,
000895.SZ,
000897.SZ,
000898.SZ,
000899.SZ,
000900.SZ,
000901.SZ,
000902.SZ,
000903.SZ,
000905.SZ,
000906.SZ,
000908.SZ,
000909.SZ,
000910.SZ,
000911.SZ,
000912.SZ,
000913.SZ,
000915.SZ,
000917.SZ,
000918.SZ,
000919.SZ,
000920.SZ,
000921.SZ,
000922.SZ,
000923.SZ,
000925.SZ,
000926.SZ,
000927.SZ,
000928.SZ,
000929.SZ,
000930.SZ,
000931.SZ,
000932.SZ,
000933.SZ,
000935.SZ,
000936.SZ,
000937.SZ,
000938.SZ,
000939.SZ,
000948.SZ,
000949.SZ,
000950.SZ,
000951.SZ,
000952.SZ,
000953.SZ,
000955.SZ,
000957.SZ,
000958.SZ,
000959.SZ,
000960.SZ,
000961.SZ,
000962.SZ,
000963.SZ,
000965.SZ,
000966.SZ,
000967.SZ,
000968.SZ,
000969.SZ,
000970.SZ,
000971.SZ,
000972.SZ,
000973.SZ,
000975.SZ,
000976.SZ,
000977.SZ,
000978.SZ,
000980.SZ,
000981.SZ,
000982.SZ,
000983.SZ,
000985.SZ,
000987.SZ,
000988.SZ,
000989.SZ,
000990.SZ,
000993.SZ,
000995.SZ,
000996.SZ,
000997.SZ,
000998.SZ,
000999.SZ,
001696.SZ,
001872.SZ,
001896.SZ,
001965.SZ,
001979.SZ,
002001.SZ,
002002.SZ,
002003.SZ,
002004.SZ,
002005.SZ,
002006.SZ,
002007.SZ,
002008.SZ,
002009.SZ,
002010.SZ,
002011.SZ,
002012.SZ,
002013.SZ,
002014.SZ,
002015.SZ,
002016.SZ,
002017.SZ,
002018.SZ,
002019.SZ,
002020.SZ,
002021.SZ,
002022.SZ,
002023.SZ,
002024.SZ,
002025.SZ,
002026.SZ,
002027.SZ,
002028.SZ,
002029.SZ,
002030.SZ,
002031.SZ,
002032.SZ,
002033.SZ,
002034.SZ,
002035.SZ,
002036.SZ,
002037.SZ,
002038.SZ,
002039.SZ,
002040.SZ,
002041.SZ,
002042.SZ,
002043.SZ,
002044.SZ,
002045.SZ,
002046.SZ,
002047.SZ,
002048.SZ,
002049.SZ,
002050.SZ,
002051.SZ,
002052.SZ,
002053.SZ,
002054.SZ,
002055.SZ,
002056.SZ,
002057.SZ,
002058.SZ,
002059.SZ,
002060.SZ,
002061.SZ,
002062.SZ,
002063.SZ,
002064.SZ,
002065.SZ,
002066.SZ,
002067.SZ,
002068.SZ,
002069.SZ,
002070.SZ,
002071.SZ,
002072.SZ,
002073.SZ,
002074.SZ,
002075.SZ,
002076.SZ,
002077.SZ,
002078.SZ,
002079.SZ,
002080.SZ,
002081.SZ,
002082.SZ,
002083.SZ,
002084.SZ,
002085.SZ,
002086.SZ,
002087.SZ,
002088.SZ,
002089.SZ,
002090.SZ,
002091.SZ,
002092.SZ,
002093.SZ,
002094.SZ,
002095.SZ,
002096.SZ,
002097.SZ,
002098.SZ,
002099.SZ,
002100.SZ,
002101.SZ,
002102.SZ,
002103.SZ,
002104.SZ,
002105.SZ,
002106.SZ,
002107.SZ,
002108.SZ,
002109.SZ,
002110.SZ,
002111.SZ,
002112.SZ,
002113.SZ,
002114.SZ,
002115.SZ,
002116.SZ,
002117.SZ,
002118.SZ,
002119.SZ,
002120.SZ,
002121.SZ,
002122.SZ,
002123.SZ,
002124.SZ,
002125.SZ,
002126.SZ,
002127.SZ,
002128.SZ,
002129.SZ,
002130.SZ,
002131.SZ,
002132.SZ,
002133.SZ,
002134.SZ,
002135.SZ,
002136.SZ,
002137.SZ,
002138.SZ,
002139.SZ,
002140.SZ,
002141.SZ,
002142.SZ,
002143.SZ,
002144.SZ,
002145.SZ,
002146.SZ,
002147.SZ,
002148.SZ,
002149.SZ,
002150.SZ,
002151.SZ,
002152.SZ,
002153.SZ,
002154.SZ,
002155.SZ,
002156.SZ,
002157.SZ,
002158.SZ,
002159.SZ,
002160.SZ,
002161.SZ,
002162.SZ,
002163.SZ,
002164.SZ,
002165.SZ,
002166.SZ,
002167.SZ,
002168.SZ,
002169.SZ,
002170.SZ,
002171.SZ,
002172.SZ,
002173.SZ,
002174.SZ,
002175.SZ,
002176.SZ,
002177.SZ,
002178.SZ,
002179.SZ,
002180.SZ,
002181.SZ,
002182.SZ,
002183.SZ,
002184.SZ,
002185.SZ,
002186.SZ,
002187.SZ,
002188.SZ,
002189.SZ,
002190.SZ,
002191.SZ,
002192.SZ,
002193.SZ,
002194.SZ,
002195.SZ,
002196.SZ,
002197.SZ,
002198.SZ,
002199.SZ,
002200.SZ,
002201.SZ,
002202.SZ,
002203.SZ,
002204.SZ,
002205.SZ,
002206.SZ,
002207.SZ,
002208.SZ,
002209.SZ,
002210.SZ,
002211.SZ,
002212.SZ,
002213.SZ,
002214.SZ,
002215.SZ,
002216.SZ,
002217.SZ,
002218.SZ,
002219.SZ,
002220.SZ,
002221.SZ,
002222.SZ,
002223.SZ,
002224.SZ,
002225.SZ,
002226.SZ,
002227.SZ,
002228.SZ,
002229.SZ,
002230.SZ,
002231.SZ,
002232.SZ,
002233.SZ,
002234.SZ,
002235.SZ,
002236.SZ,
002237.SZ,
002238.SZ,
002239.SZ,
002240.SZ,
002241.SZ,
002242.SZ,
002243.SZ,
002244.SZ,
002245.SZ,
002246.SZ,
002247.SZ,
002248.SZ,
002249.SZ,
002250.SZ,
002251.SZ,
002252.SZ,
002253.SZ,
002254.SZ,
002255.SZ,
002256.SZ,
002258.SZ,
002259.SZ,
002260.SZ,
002261.SZ,
002262.SZ,
002263.SZ,
002264.SZ,
002265.SZ,
002266.SZ,
002267.SZ,
002268.SZ,
002269.SZ,
002270.SZ,
002271.SZ,
002272.SZ,
002273.SZ,
002274.SZ,
002275.SZ,
002276.SZ,
002277.SZ,
002278.SZ,
002279.SZ,
002280.SZ,
002281.SZ,
002282.SZ,
002283.SZ,
002284.SZ,
002285.SZ,
002286.SZ,
002287.SZ,
002288.SZ,
002289.SZ,
002290.SZ,
002291.SZ,
002292.SZ,
002293.SZ,
002294.SZ,
002295.SZ,
002296.SZ,
002297.SZ,
002298.SZ,
002299.SZ,
002300.SZ,
002301.SZ,
002302.SZ,
002303.SZ,
002304.SZ,
002305.SZ,
002306.SZ,
002307.SZ,
002308.SZ,
002309.SZ,
002310.SZ,
002311.SZ,
002312.SZ,
002313.SZ,
002314.SZ,
002315.SZ,
002316.SZ,
002317.SZ,
002318.SZ,
002319.SZ,
002320.SZ,
002321.SZ,
002322.SZ,
002323.SZ,
002324.SZ,
002325.SZ,
002326.SZ,
002327.SZ,
002328.SZ,
002329.SZ,
002330.SZ,
002331.SZ,
002332.SZ,
002333.SZ,
002334.SZ,
002335.SZ,
002336.SZ,
002337.SZ,
002338.SZ,
002339.SZ,
002340.SZ,
002341.SZ,
002342.SZ,
002343.SZ,
002344.SZ,
002345.SZ,
002346.SZ,
002347.SZ,
002348.SZ,
002349.SZ,
002350.SZ,
002351.SZ,
002352.SZ,
002353.SZ,
002354.SZ,
002355.SZ,
002356.SZ,
002357.SZ,
002358.SZ,
002359.SZ,
002360.SZ,
002361.SZ,
002362.SZ,
002363.SZ,
002364.SZ,
002365.SZ,
002366.SZ,
002367.SZ,
002368.SZ,
002369.SZ,
002370.SZ,
002371.SZ,
002372.SZ,
002373.SZ,
002374.SZ,
002375.SZ,
002376.SZ,
002377.SZ,
002378.SZ,
002379.SZ,
002380.SZ,
002381.SZ,
002382.SZ,
002383.SZ,
002384.SZ,
002385.SZ,
002386.SZ,
002387.SZ,
002388.SZ,
002389.SZ,
002390.SZ,
002391.SZ,
002392.SZ,
002393.SZ,
002394.SZ,
002395.SZ,
002396.SZ,
002397.SZ,
002398.SZ,
002399.SZ,
002400.SZ,
002401.SZ,
002402.SZ,
002403.SZ,
002404.SZ,
002405.SZ,
002406.SZ,
002407.SZ,
002408.SZ,
002409.SZ,
002410.SZ,
002411.SZ,
002412.SZ,
002413.SZ,
002414.SZ,
002415.SZ,
002416.SZ,
002417.SZ,
002418.SZ,
002419.SZ,
002420.SZ,
002421.SZ,
002422.SZ,
002423.SZ,
002424.SZ,
002425.SZ,
002426.SZ,
002427.SZ,
002428.SZ,
002429.SZ,
002430.SZ,
002431.SZ,
002432.SZ,
002433.SZ,
002434.SZ,
002435.SZ,
002436.SZ,
002437.SZ,
002438.SZ,
002439.SZ,
002440.SZ,
002441.SZ,
002442.SZ,
002443.SZ,
002444.SZ,
002445.SZ,
002446.SZ,
002447.SZ,
002448.SZ,
002449.SZ,
002450.SZ,
002451.SZ,
002452.SZ,
002453.SZ,
002454.SZ,
002455.SZ,
002456.SZ,
002457.SZ,
002458.SZ,
002459.SZ,
002460.SZ,
002461.SZ,
002462.SZ,
002463.SZ,
002464.SZ,
002465.SZ,
002466.SZ,
002467.SZ,
002468.SZ,
002469.SZ,
002470.SZ,
002471.SZ,
002472.SZ,
002473.SZ,
002474.SZ,
002475.SZ,
002476.SZ,
002477.SZ,
002478.SZ,
002479.SZ,
002480.SZ,
002481.SZ,
002482.SZ,
002483.SZ,
002484.SZ,
002485.SZ,
002486.SZ,
002487.SZ,
002488.SZ,
002489.SZ,
002490.SZ,
002491.SZ,
002492.SZ,
002493.SZ,
002494.SZ,
002495.SZ,
002496.SZ,
002497.SZ,
002498.SZ,
002499.SZ,
002500.SZ,
002501.SZ,
002502.SZ,
002503.SZ,
002504.SZ,
002505.SZ,
002506.SZ,
002507.SZ,
002508.SZ,
002509.SZ,
002510.SZ,
002511.SZ,
002512.SZ,
002513.SZ,
002514.SZ,
002515.SZ,
002516.SZ,
002517.SZ,
002518.SZ,
002519.SZ,
002520.SZ,
002521.SZ,
002522.SZ,
002523.SZ,
002524.SZ,
002526.SZ,
002527.SZ,
002528.SZ,
002529.SZ,
002530.SZ,
002531.SZ,
002532.SZ,
002533.SZ,
002534.SZ,
002535.SZ,
002536.SZ,
002537.SZ,
002538.SZ,
002539.SZ,
002540.SZ,
002541.SZ,
002542.SZ,
002543.SZ,
002544.SZ,
002545.SZ,
002546.SZ,
002547.SZ,
002548.SZ,
002549.SZ,
002550.SZ,
002551.SZ,
002552.SZ,
002553.SZ,
002554.SZ,
002555.SZ,
002556.SZ,
002557.SZ,
002558.SZ,
002559.SZ,
002560.SZ,
002561.SZ,
002562.SZ,
002563.SZ,
002564.SZ,
002565.SZ,
002566.SZ,
002567.SZ,
002568.SZ,
002569.SZ,
002570.SZ,
002571.SZ,
002572.SZ,
002573.SZ,
002574.SZ,
002575.SZ,
002576.SZ,
002577.SZ,
002578.SZ,
002579.SZ,
002580.SZ,
002581.SZ,
002582.SZ,
002583.SZ,
002584.SZ,
002585.SZ,
002586.SZ,
002587.SZ,
002588.SZ,
002589.SZ,
002590.SZ,
002591.SZ,
002592.SZ,
002593.SZ,
002594.SZ,
002595.SZ,
002596.SZ,
002597.SZ,
002598.SZ,
002599.SZ,
002600.SZ,
002601.SZ,
002602.SZ,
002603.SZ,
002604.SZ,
002605.SZ,
002606.SZ,
002607.SZ,
002608.SZ,
002609.SZ,
002610.SZ,
002611.SZ,
002612.SZ,
002613.SZ,
002614.SZ,
002615.SZ,
002616.SZ,
002617.SZ,
002618.SZ,
002619.SZ,
002620.SZ,
002621.SZ,
002622.SZ,
002623.SZ,
002624.SZ,
002625.SZ,
002626.SZ,
002627.SZ,
002628.SZ,
002629.SZ,
002630.SZ,
002631.SZ,
002632.SZ,
002633.SZ,
002634.SZ,
002635.SZ,
002636.SZ,
002637.SZ,
002638.SZ,
002639.SZ,
002640.SZ,
002641.SZ,
002642.SZ,
002643.SZ,
002644.SZ,
002645.SZ,
002646.SZ,
002647.SZ,
002648.SZ,
002649.SZ,
002650.SZ,
002651.SZ,
002652.SZ,
002653.SZ,
002654.SZ,
002655.SZ,
002656.SZ,
002657.SZ,
002658.SZ,
002659.SZ,
002660.SZ,
002661.SZ,
002662.SZ,
002663.SZ,
002664.SZ,
002665.SZ,
002666.SZ,
002667.SZ,
002668.SZ,
002669.SZ,
002670.SZ,
002671.SZ,
002672.SZ,
002673.SZ,
002674.SZ,
002675.SZ,
002676.SZ,
002677.SZ,
002678.SZ,
002679.SZ,
002680.SZ,
002681.SZ,
002682.SZ,
002683.SZ,
002684.SZ,
002685.SZ,
002686.SZ,
002687.SZ,
002688.SZ,
002689.SZ,
002690.SZ,
002691.SZ,
002692.SZ,
002693.SZ,
002694.SZ,
002695.SZ,
002696.SZ,
002697.SZ,
002698.SZ,
002699.SZ,
002700.SZ,
002701.SZ,
002702.SZ,
002703.SZ,
002705.SZ,
002706.SZ,
002707.SZ,
002708.SZ,
002709.SZ,
002711.SZ,
002712.SZ,
002713.SZ,
002714.SZ,
002715.SZ,
002716.SZ,
002717.SZ,
002718.SZ,
002719.SZ,
002721.SZ,
002722.SZ,
002723.SZ,
002724.SZ,
002725.SZ,
002726.SZ,
002727.SZ,
002728.SZ,
002729.SZ,
002730.SZ,
002731.SZ,
002732.SZ,
002733.SZ,
002734.SZ,
002735.SZ,
002736.SZ,
002737.SZ,
002738.SZ,
002739.SZ,
002740.SZ,
002741.SZ,
002742.SZ,
002743.SZ,
002745.SZ,
002746.SZ,
002747.SZ,
002748.SZ,
002749.SZ,
002750.SZ,
002751.SZ,
002752.SZ,
002753.SZ,
002755.SZ,
002756.SZ,
002757.SZ,
002758.SZ,
002759.SZ,
002760.SZ,
002761.SZ,
002762.SZ,
002763.SZ,
002765.SZ,
002766.SZ,
002767.SZ,
002768.SZ,
002769.SZ,
002770.SZ,
002771.SZ,
002772.SZ,
002773.SZ,
002774.SZ,
002775.SZ,
002776.SZ,
002777.SZ,
002778.SZ,
002779.SZ,
002780.SZ,
002781.SZ,
002782.SZ,
002783.SZ,
002785.SZ,
002786.SZ,
002787.SZ,
002788.SZ,
002789.SZ,
002790.SZ,
002791.SZ,
002792.SZ,
002793.SZ,
002795.SZ,
002796.SZ,
002797.SZ,
002798.SZ,
002799.SZ,
002800.SZ,
002801.SZ,
002802.SZ,
002803.SZ,
002805.SZ,
002806.SZ,
002807.SZ,
002808.SZ,
002809.SZ,
002810.SZ,
002811.SZ,
002812.SZ,
002813.SZ,
002815.SZ,
002816.SZ,
002817.SZ,
002818.SZ,
002819.SZ,
002820.SZ,
002821.SZ,
002822.SZ,
002823.SZ,
002824.SZ,
002825.SZ,
002826.SZ,
002827.SZ,
002828.SZ,
002829.SZ,
002830.SZ,
002831.SZ,
002832.SZ,
002833.SZ,
002835.SZ,
002836.SZ,
002837.SZ,
002838.SZ,
002839.SZ,
002840.SZ,
002841.SZ,
002842.SZ,
002843.SZ,
002845.SZ,
002846.SZ,
002847.SZ,
002848.SZ,
002849.SZ,
002850.SZ,
002851.SZ,
002852.SZ,
002853.SZ,
002855.SZ,
002856.SZ,
002857.SZ,
002858.SZ,
002859.SZ,
002860.SZ,
002861.SZ,
002862.SZ,
002863.SZ,
002864.SZ,
002865.SZ,
002866.SZ,
002867.SZ,
002868.SZ,
002869.SZ,
002870.SZ,
002871.SZ,
002872.SZ,
002873.SZ,
002875.SZ,
002876.SZ,
002877.SZ,
002878.SZ,
002879.SZ,
002880.SZ,
002881.SZ,
002882.SZ,
002883.SZ,
002884.SZ,
002885.SZ,
002886.SZ,
002887.SZ,
002888.SZ,
002889.SZ,
002890.SZ,
002891.SZ,
002892.SZ,
002893.SZ,
002895.SZ,
002896.SZ,
002897.SZ,
002898.SZ,
002899.SZ,
002900.SZ,
002901.SZ,
002902.SZ,
002903.SZ,
002905.SZ,
002906.SZ,
002907.SZ,
002908.SZ,
002909.SZ,
002910.SZ,
002911.SZ,
002912.SZ,
002913.SZ,
002915.SZ,
002916.SZ,
002917.SZ,
002918.SZ,
002919.SZ,
002920.SZ,
002921.SZ,
002922.SZ,
002923.SZ,
002925.SZ,
002926.SZ,
002927.SZ,
002928.SZ,
002929.SZ,
002930.SZ,
002931.SZ,
002932.SZ,
002933.SZ,
002935.SZ,
002936.SZ,
002937.SZ,
002938.SZ,
002939.SZ,
002940.SZ,
002941.SZ,
002942.SZ,
002943.SZ,
002945.SZ,
002946.SZ,
002947.SZ,
002948.SZ,
002949.SZ,
002950.SZ,
002951.SZ,
002958.SZ,
300001.SZ,
300002.SZ,
300003.SZ,
300004.SZ,
300005.SZ,
300006.SZ,
300007.SZ,
300008.SZ,
300009.SZ,
300010.SZ,
300011.SZ,
300012.SZ,
300013.SZ,
300014.SZ,
300015.SZ,
300016.SZ,
300017.SZ,
300018.SZ,
300019.SZ,
300020.SZ,
300021.SZ,
300022.SZ,
300023.SZ,
300024.SZ,
300025.SZ,
300026.SZ,
300027.SZ,
300028.SZ,
300029.SZ,
300030.SZ,
300031.SZ,
300032.SZ,
300033.SZ,
300034.SZ,
300035.SZ,
300036.SZ,
300037.SZ,
300038.SZ,
300039.SZ,
300040.SZ,
300041.SZ,
300042.SZ,
300043.SZ,
300044.SZ,
300045.SZ,
300046.SZ,
300047.SZ,
300048.SZ,
300049.SZ,
300050.SZ,
300051.SZ,
300052.SZ,
300053.SZ,
300054.SZ,
300055.SZ,
300056.SZ,
300057.SZ,
300058.SZ,
300059.SZ,
300061.SZ,
300062.SZ,
300063.SZ,
300064.SZ,
300065.SZ,
300066.SZ,
300067.SZ,
300068.SZ,
300069.SZ,
300070.SZ,
300071.SZ,
300072.SZ,
300073.SZ,
300074.SZ,
300075.SZ,
300076.SZ,
300077.SZ,
300078.SZ,
300079.SZ,
300080.SZ,
300081.SZ,
300082.SZ,
300083.SZ,
300084.SZ,
300085.SZ,
300086.SZ,
300087.SZ,
300088.SZ,
300089.SZ,
300090.SZ,
300091.SZ,
300092.SZ,
300093.SZ,
300094.SZ,
300095.SZ,
300096.SZ,
300097.SZ,
300098.SZ,
300099.SZ,
300100.SZ,
300101.SZ,
300102.SZ,
300103.SZ,
300104.SZ,
300105.SZ,
300106.SZ,
300107.SZ,
300108.SZ,
300109.SZ,
300110.SZ,
300111.SZ,
300112.SZ,
300113.SZ,
300114.SZ,
300115.SZ,
300116.SZ,
300117.SZ,
300118.SZ,
300119.SZ,
300120.SZ,
300121.SZ,
300122.SZ,
300123.SZ,
300124.SZ,
300125.SZ,
300126.SZ,
300127.SZ,
300128.SZ,
300129.SZ,
300130.SZ,
300131.SZ,
300132.SZ,
300133.SZ,
300134.SZ,
300135.SZ,
300136.SZ,
300137.SZ,
300138.SZ,
300139.SZ,
300140.SZ,
300141.SZ,
300142.SZ,
300143.SZ,
300144.SZ,
300145.SZ,
300146.SZ,
300147.SZ,
300148.SZ,
300149.SZ,
300150.SZ,
300151.SZ,
300152.SZ,
300153.SZ,
300154.SZ,
300155.SZ,
300156.SZ,
300157.SZ,
300158.SZ,
300159.SZ,
300160.SZ,
300161.SZ,
300162.SZ,
300163.SZ,
300164.SZ,
300165.SZ,
300166.SZ,
300167.SZ,
300168.SZ,
300169.SZ,
300170.SZ,
300171.SZ,
300172.SZ,
300173.SZ,
300174.SZ,
300175.SZ,
300176.SZ,
300177.SZ,
300178.SZ,
300179.SZ,
300180.SZ,
300181.SZ,
300182.SZ,
300183.SZ,
300184.SZ,
300185.SZ,
300187.SZ,
300188.SZ,
300189.SZ,
300190.SZ,
300191.SZ,
300192.SZ,
300193.SZ,
300194.SZ,
300195.SZ,
300196.SZ,
300197.SZ,
300198.SZ,
300199.SZ,
300200.SZ,
300201.SZ,
300202.SZ,
300203.SZ,
300204.SZ,
300205.SZ,
300206.SZ,
300207.SZ,
300208.SZ,
300209.SZ,
300210.SZ,
300211.SZ,
300212.SZ,
300213.SZ,
300214.SZ,
300215.SZ,
300216.SZ,
300217.SZ,
300218.SZ,
300219.SZ,
300220.SZ,
300221.SZ,
300222.SZ,
300223.SZ,
300224.SZ,
300225.SZ,
300226.SZ,
300227.SZ,
300228.SZ,
300229.SZ,
300230.SZ,
300231.SZ,
300232.SZ,
300233.SZ,
300234.SZ,
300235.SZ,
300236.SZ,
300237.SZ,
300238.SZ,
300239.SZ,
300240.SZ,
300241.SZ,
300242.SZ,
300243.SZ,
300244.SZ,
300245.SZ,
300246.SZ,
300247.SZ,
300248.SZ,
300249.SZ,
300250.SZ,
300251.SZ,
300252.SZ,
300253.SZ,
300254.SZ,
300255.SZ,
300256.SZ,
300257.SZ,
300258.SZ,
300259.SZ,
300260.SZ,
300261.SZ,
300262.SZ,
300263.SZ,
300264.SZ,
300265.SZ,
300266.SZ,
300267.SZ,
300268.SZ,
300269.SZ,
300270.SZ,
300271.SZ,
300272.SZ,
300273.SZ,
300274.SZ,
300275.SZ,
300276.SZ,
300277.SZ,
300278.SZ,
300279.SZ,
300280.SZ,
300281.SZ,
300282.SZ,
300283.SZ,
300284.SZ,
300285.SZ,
300286.SZ,
300287.SZ,
300288.SZ,
300289.SZ,
300290.SZ,
300291.SZ,
300292.SZ,
300293.SZ,
300294.SZ,
300295.SZ,
300296.SZ,
300297.SZ,
300298.SZ,
300299.SZ,
300300.SZ,
300301.SZ,
300302.SZ,
300303.SZ,
300304.SZ,
300305.SZ,
300306.SZ,
300307.SZ,
300308.SZ,
300309.SZ,
300310.SZ,
300311.SZ,
300312.SZ,
300313.SZ,
300314.SZ,
300315.SZ,
300316.SZ,
300317.SZ,
300318.SZ,
300319.SZ,
300320.SZ,
300321.SZ,
300322.SZ,
300323.SZ,
300324.SZ,
300325.SZ,
300326.SZ,
300327.SZ,
300328.SZ,
300329.SZ,
300330.SZ,
300331.SZ,
300332.SZ,
300333.SZ,
300334.SZ,
300335.SZ,
300336.SZ,
300337.SZ,
300338.SZ,
300339.SZ,
300340.SZ,
300341.SZ,
300342.SZ,
300343.SZ,
300344.SZ,
300345.SZ,
300346.SZ,
300347.SZ,
300348.SZ,
300349.SZ,
300350.SZ,
300351.SZ,
300352.SZ,
300353.SZ,
300354.SZ,
300355.SZ,
300356.SZ,
300357.SZ,
300358.SZ,
300359.SZ,
300360.SZ,
300362.SZ,
300363.SZ,
300364.SZ,
300365.SZ,
300366.SZ,
300367.SZ,
300368.SZ,
300369.SZ,
300370.SZ,
300371.SZ,
300373.SZ,
300374.SZ,
300375.SZ,
300376.SZ,
300377.SZ,
300378.SZ,
300379.SZ,
300380.SZ,
300381.SZ,
300382.SZ,
300383.SZ,
300384.SZ,
300385.SZ,
300386.SZ,
300387.SZ,
300388.SZ,
300389.SZ,
300390.SZ,
300391.SZ,
300392.SZ,
300393.SZ,
300394.SZ,
300395.SZ,
300396.SZ,
300397.SZ,
300398.SZ,
300399.SZ,
300400.SZ,
300401.SZ,
300402.SZ,
300403.SZ,
300404.SZ,
300405.SZ,
300406.SZ,
300407.SZ,
300408.SZ,
300409.SZ,
300410.SZ,
300411.SZ,
300412.SZ,
300413.SZ,
300414.SZ,
300415.SZ,
300416.SZ,
300417.SZ,
300418.SZ,
300419.SZ,
300420.SZ,
300421.SZ,
300422.SZ,
300423.SZ,
300424.SZ,
300425.SZ,
300426.SZ,
300427.SZ,
300428.SZ,
300429.SZ,
300430.SZ,
300431.SZ,
300432.SZ,
300433.SZ,
300434.SZ,
300435.SZ,
300436.SZ,
300437.SZ,
300438.SZ,
300439.SZ,
300440.SZ,
300441.SZ,
300442.SZ,
300443.SZ,
300444.SZ,
300445.SZ,
300446.SZ,
300447.SZ,
300448.SZ,
300449.SZ,
300450.SZ,
300451.SZ,
300452.SZ,
300453.SZ,
300454.SZ,
300455.SZ,
300456.SZ,
300457.SZ,
300458.SZ,
300459.SZ,
300460.SZ,
300461.SZ,
300462.SZ,
300463.SZ,
300464.SZ,
300465.SZ,
300466.SZ,
300467.SZ,
300468.SZ,
300469.SZ,
300470.SZ,
300471.SZ,
300472.SZ,
300473.SZ,
300474.SZ,
300475.SZ,
300476.SZ,
300477.SZ,
300478.SZ,
300479.SZ,
300480.SZ,
300481.SZ,
300482.SZ,
300483.SZ,
300484.SZ,
300485.SZ,
300486.SZ,
300487.SZ,
300488.SZ,
300489.SZ,
300490.SZ,
300491.SZ,
300492.SZ,
300493.SZ,
300494.SZ,
300495.SZ,
300496.SZ,
300497.SZ,
300498.SZ,
300499.SZ,
300500.SZ,
300501.SZ,
300502.SZ,
300503.SZ,
300504.SZ,
300505.SZ,
300506.SZ,
300507.SZ,
300508.SZ,
300509.SZ,
300510.SZ,
300511.SZ,
300512.SZ,
300513.SZ,
300514.SZ,
300515.SZ,
300516.SZ,
300517.SZ,
300518.SZ,
300519.SZ,
300520.SZ,
300521.SZ,
300522.SZ,
300523.SZ,
300525.SZ,
300526.SZ,
300527.SZ,
300528.SZ,
300529.SZ,
300530.SZ,
300531.SZ,
300532.SZ,
300533.SZ,
300534.SZ,
300535.SZ,
300536.SZ,
300537.SZ,
300538.SZ,
300539.SZ,
300540.SZ,
300541.SZ,
300542.SZ,
300543.SZ,
300545.SZ,
300546.SZ,
300547.SZ,
300548.SZ,
300549.SZ,
300550.SZ,
300551.SZ,
300552.SZ,
300553.SZ,
300554.SZ,
300555.SZ,
300556.SZ,
300557.SZ,
300558.SZ,
300559.SZ,
300560.SZ,
300561.SZ,
300562.SZ,
300563.SZ,
300565.SZ,
300566.SZ,
300567.SZ,
300568.SZ,
300569.SZ,
300570.SZ,
300571.SZ,
300572.SZ,
300573.SZ,
300575.SZ,
300576.SZ,
300577.SZ,
300578.SZ,
300579.SZ,
300580.SZ,
300581.SZ,
300582.SZ,
300583.SZ,
300584.SZ,
300585.SZ,
300586.SZ,
300587.SZ,
300588.SZ,
300589.SZ,
300590.SZ,
300591.SZ,
300592.SZ,
300593.SZ,
300595.SZ,
300596.SZ,
300597.SZ,
300598.SZ,
300599.SZ,
300600.SZ,
300601.SZ,
300602.SZ,
300603.SZ,
300604.SZ,
300605.SZ,
300606.SZ,
300607.SZ,
300608.SZ,
300609.SZ,
300610.SZ,
300611.SZ,
300612.SZ,
300613.SZ,
300615.SZ,
300616.SZ,
300617.SZ,
300618.SZ,
300619.SZ,
300620.SZ,
300621.SZ,
300622.SZ,
300623.SZ,
300624.SZ,
300625.SZ,
300626.SZ,
300627.SZ,
300628.SZ,
300629.SZ,
300630.SZ,
300631.SZ,
300632.SZ,
300633.SZ,
300634.SZ,
300635.SZ,
300636.SZ,
300637.SZ,
300638.SZ,
300639.SZ,
300640.SZ,
300641.SZ,
300642.SZ,
300643.SZ,
300644.SZ,
300645.SZ,
300647.SZ,
300648.SZ,
300649.SZ,
300650.SZ,
300651.SZ,
300652.SZ,
300653.SZ,
300654.SZ,
300655.SZ,
300656.SZ,
300657.SZ,
300658.SZ,
300659.SZ,
300660.SZ,
300661.SZ,
300662.SZ,
300663.SZ,
300664.SZ,
300665.SZ,
300666.SZ,
300667.SZ,
300668.SZ,
300669.SZ,
300670.SZ,
300671.SZ,
300672.SZ,
300673.SZ,
300674.SZ,
300675.SZ,
300676.SZ,
300677.SZ,
300678.SZ,
300679.SZ,
300680.SZ,
300681.SZ,
300682.SZ,
300683.SZ,
300684.SZ,
300685.SZ,
300686.SZ,
300687.SZ,
300688.SZ,
300689.SZ,
300690.SZ,
300691.SZ,
300692.SZ,
300693.SZ,
300694.SZ,
300695.SZ,
300696.SZ,
300697.SZ,
300698.SZ,
300699.SZ,
300700.SZ,
300701.SZ,
300702.SZ,
300703.SZ,
300705.SZ,
300706.SZ,
300707.SZ,
300708.SZ,
300709.SZ,
300710.SZ,
300711.SZ,
300712.SZ,
300713.SZ,
300715.SZ,
300716.SZ,
300717.SZ,
300718.SZ,
300719.SZ,
300720.SZ,
300721.SZ,
300722.SZ,
300723.SZ,
300724.SZ,
300725.SZ,
300726.SZ,
300727.SZ,
300729.SZ,
300730.SZ,
300731.SZ,
300732.SZ,
300733.SZ,
300735.SZ,
300736.SZ,
300737.SZ,
300738.SZ,
300739.SZ,
300740.SZ,
300741.SZ,
300742.SZ,
300743.SZ,
300745.SZ,
300746.SZ,
300747.SZ,
300748.SZ,
300749.SZ,
300750.SZ,
300751.SZ,
300752.SZ,
300753.SZ,
300755.SZ,
300756.SZ,
300757.SZ,
300758.SZ,
300759.SZ,
300760.SZ,
300761.SZ,
300762.SZ,
300763.SZ,
300765.SZ,
300766.SZ,
200011.SZ,
200012.SZ,
200016.SZ,
200017.SZ,
200018.SZ,
200019.SZ,
200020.SZ,
200025.SZ,
200026.SZ,
200028.SZ,
200029.SZ,
200030.SZ,
200037.SZ,
200045.SZ,
200054.SZ,
200055.SZ,
200056.SZ,
200058.SZ,
200152.SZ,
200160.SZ,
200168.SZ,
200413.SZ,
200418.SZ,
200429.SZ,
200468.SZ,
200488.SZ,
200505.SZ,
200512.SZ,
200521.SZ,
200530.SZ,
200539.SZ,
200541.SZ,
200550.SZ,
200553.SZ,
200570.SZ,
200581.SZ,
200596.SZ,
200613.SZ,
200625.SZ,
200706.SZ,
200725.SZ,
200726.SZ,
200761.SZ,
200771.SZ,
200869.SZ,
200986.SZ,
200992.SZ,
201872.SZ,
150008.SZ,
150009.SZ,
150012.SZ,
150013.SZ,
150016.SZ,
150017.SZ,
150018.SZ,
150019.SZ,
150022.SZ,
150023.SZ,
150028.SZ,
150029.SZ,
150030.SZ,
150031.SZ,
150032.SZ,
150033.SZ,
150036.SZ,
150037.SZ,
150047.SZ,
150048.SZ,
150049.SZ,
150050.SZ,
150051.SZ,
150052.SZ,
150053.SZ,
150054.SZ,
150055.SZ,
150056.SZ,
150059.SZ,
150060.SZ,
150064.SZ,
150065.SZ,
150066.SZ,
150067.SZ,
150073.SZ,
150075.SZ,
150083.SZ,
150084.SZ,
150092.SZ,
150093.SZ,
150094.SZ,
150095.SZ,
150100.SZ,
150101.SZ,
150104.SZ,
150105.SZ,
150106.SZ,
150107.SZ,
150117.SZ,
150118.SZ,
150123.SZ,
150124.SZ,
150130.SZ,
150131.SZ,
150135.SZ,
150136.SZ,
150138.SZ,
150139.SZ,
150143.SZ,
150144.SZ,
150145.SZ,
150146.SZ,
150148.SZ,
150149.SZ,
150150.SZ,
150151.SZ,
150152.SZ,
150153.SZ,
150157.SZ,
150158.SZ,
150164.SZ,
150165.SZ,
150167.SZ,
150168.SZ,
150169.SZ,
150170.SZ,
150171.SZ,
150172.SZ,
150173.SZ,
150174.SZ,
150175.SZ,
150176.SZ,
150177.SZ,
150178.SZ,
150179.SZ,
150180.SZ,
150181.SZ,
150182.SZ,
150184.SZ,
150185.SZ,
150186.SZ,
150187.SZ,
150188.SZ,
150189.SZ,
150190.SZ,
150191.SZ,
150192.SZ,
150193.SZ,
150194.SZ,
150195.SZ,
150196.SZ,
150197.SZ,
150198.SZ,
150199.SZ,
150200.SZ,
150201.SZ,
150203.SZ,
150204.SZ,
150205.SZ,
150206.SZ,
150207.SZ,
150208.SZ,
150209.SZ,
150210.SZ,
150211.SZ,
150212.SZ,
150213.SZ,
150214.SZ,
150215.SZ,
150216.SZ,
150217.SZ,
150218.SZ,
150219.SZ,
150220.SZ,
150221.SZ,
150222.SZ,
150223.SZ,
150224.SZ,
150225.SZ,
150226.SZ,
150227.SZ,
150228.SZ,
150229.SZ,
150230.SZ,
150231.SZ,
150232.SZ,
150235.SZ,
150236.SZ,
150237.SZ,
150238.SZ,
150241.SZ,
150242.SZ,
150243.SZ,
150244.SZ,
150245.SZ,
150246.SZ,
150247.SZ,
150248.SZ,
150249.SZ,
150250.SZ,
150251.SZ,
150252.SZ,
150255.SZ,
150256.SZ,
150257.SZ,
150258.SZ,
150259.SZ,
150260.SZ,
150261.SZ,
150262.SZ,
150263.SZ,
150264.SZ,
150265.SZ,
150266.SZ,
150267.SZ,
150268.SZ,
150269.SZ,
150270.SZ,
150271.SZ,
150272.SZ,
150273.SZ,
150274.SZ,
150275.SZ,
150276.SZ,
150277.SZ,
150278.SZ,
150279.SZ,
150280.SZ,
150281.SZ,
150282.SZ,
150283.SZ,
150284.SZ,
150287.SZ,
150288.SZ,
150289.SZ,
150290.SZ,
150291.SZ,
150292.SZ,
150293.SZ,
150294.SZ,
150295.SZ,
150296.SZ,
150297.SZ,
150298.SZ,
150299.SZ,
150300.SZ,
150301.SZ,
150302.SZ,
150303.SZ,
150304.SZ,
150305.SZ,
150306.SZ,
150307.SZ,
150308.SZ,
150309.SZ,
150310.SZ,
150311.SZ,
150312.SZ,
150315.SZ,
150316.SZ,
150317.SZ,
150318.SZ,
150321.SZ,
150322.SZ,
150323.SZ,
150324.SZ,
150325.SZ,
150326.SZ,
150327.SZ,
150328.SZ,
150329.SZ,
150330.SZ,
150335.SZ,
150336.SZ,
150343.SZ,
150344.SZ,
159001.SZ,
159003.SZ,
159005.SZ,
159901.SZ,
159902.SZ,
159903.SZ,
159905.SZ,
159906.SZ,
159907.SZ,
159908.SZ,
159909.SZ,
159910.SZ,
159911.SZ,
159912.SZ,
159913.SZ,
159915.SZ,
159916.SZ,
159918.SZ,
159919.SZ,
159920.SZ,
159922.SZ,
159923.SZ,
159925.SZ,
159926.SZ,
159928.SZ,
159929.SZ,
159930.SZ,
159931.SZ,
159932.SZ,
159933.SZ,
159934.SZ,
159935.SZ,
159936.SZ,
159937.SZ,
159938.SZ,
159939.SZ,
159940.SZ,
159941.SZ,
159943.SZ,
159944.SZ,
159945.SZ,
159948.SZ,
159949.SZ,
159950.SZ,
159951.SZ,
159952.SZ,
159953.SZ,
159954.SZ,
159955.SZ,
159956.SZ,
159957.SZ,
159958.SZ,
159959.SZ,
159960.SZ,
159961.SZ,
159963.SZ,
160105.SZ,
160106.SZ,
160119.SZ,
160125.SZ,
160128.SZ,
160130.SZ,
160131.SZ,
160133.SZ,
160138.SZ,
160140.SZ,
160211.SZ,
160212.SZ,
160215.SZ,
160216.SZ,
160220.SZ,
160223.SZ,
160225.SZ,
160311.SZ,
160314.SZ,
160322.SZ,
160323.SZ,
160324.SZ,
160415.SZ,
160416.SZ,
160421.SZ,
160505.SZ,
160512.SZ,
160513.SZ,
160515.SZ,
160518.SZ,
160519.SZ,
160520.SZ,
160522.SZ,
160607.SZ,
160610.SZ,
160611.SZ,
160613.SZ,
160615.SZ,
160616.SZ,
160617.SZ,
160618.SZ,
160621.SZ,
160622.SZ,
160635.SZ,
160642.SZ,
160643.SZ,
160644.SZ,
160706.SZ,
160716.SZ,
160717.SZ,
160719.SZ,
160720.SZ,
160722.SZ,
160723.SZ,
160805.SZ,
160806.SZ,
160807.SZ,
160812.SZ,
160813.SZ,
160910.SZ,
160915.SZ,
160916.SZ,
160918.SZ,
160919.SZ,
160921.SZ,
160922.SZ,
160924.SZ,
161005.SZ,
161010.SZ,
161014.SZ,
161015.SZ,
161017.SZ,
161019.SZ,
161033.SZ,
161035.SZ,
161036.SZ,
161037.SZ,
161038.SZ,
161039.SZ,
161115.SZ,
161116.SZ,
161117.SZ,
161119.SZ,
161124.SZ,
161125.SZ,
161126.SZ,
161127.SZ,
161128.SZ,
161129.SZ,
161130.SZ,
161132.SZ,
161213.SZ,
161216.SZ,
161217.SZ,
161219.SZ,
161222.SZ,
161224.SZ,
161225.SZ,
161226.SZ,
161227.SZ,
161229.SZ,
161232.SZ,
161233.SZ,
161505.SZ,
161607.SZ,
161610.SZ,
161614.SZ,
161626.SZ,
161631.SZ,
161706.SZ,
161713.SZ,
161714.SZ,
161715.SZ,
161716.SZ,
161722.SZ,
161727.SZ,
161810.SZ,
161815.SZ,
161820.SZ,
161823.SZ,
161831.SZ,
161834.SZ,
161835.SZ,
161903.SZ,
161907.SZ,
161908.SZ,
161911.SZ,
162006.SZ,
162105.SZ,
162108.SZ,
162207.SZ,
162215.SZ,
162307.SZ,
162411.SZ,
162414.SZ,
162415.SZ,
162416.SZ,
162510.SZ,
162605.SZ,
162607.SZ,
162703.SZ,
162711.SZ,
162712.SZ,
162715.SZ,
162717.SZ,
162718.SZ,
162719.SZ,
163001.SZ,
163003.SZ,
163005.SZ,
163110.SZ,
163111.SZ,
163119.SZ,
163208.SZ,
163210.SZ,
163302.SZ,
163402.SZ,
163407.SZ,
163409.SZ,
163412.SZ,
163415.SZ,
163417.SZ,
163503.SZ,
163801.SZ,
163819.SZ,
163821.SZ,
163824.SZ,
163827.SZ,
163907.SZ,
164105.SZ,
164206.SZ,
164208.SZ,
164210.SZ,
164403.SZ,
164509.SZ,
164606.SZ,
164701.SZ,
164702.SZ,
164703.SZ,
164705.SZ,
164808.SZ,
164810.SZ,
164814.SZ,
164824.SZ,
164902.SZ,
164906.SZ,
165309.SZ,
165311.SZ,
165313.SZ,
165317.SZ,
165508.SZ,
165509.SZ,
165510.SZ,
165512.SZ,
165513.SZ,
165516.SZ,
165517.SZ,
165525.SZ,
165528.SZ,
165807.SZ,
166001.SZ,
166006.SZ,
166008.SZ,
166009.SZ,
166011.SZ,
166012.SZ,
166016.SZ,
166023.SZ,
166024.SZ,
166105.SZ,
166401.SZ,
166402.SZ,
166902.SZ,
166904.SZ,
167001.SZ,
167002.SZ,
167003.SZ,
167501.SZ,
168002.SZ,
168101.SZ,
168102.SZ,
168103.SZ,
168104.SZ,
168105.SZ,
168106.SZ,
168108.SZ,
168301.SZ,
168401.SZ,
169101.SZ,
169102.SZ,
169103.SZ,
169104.SZ,
169105.SZ,
169106.SZ,
169201.SZ,
184801.SZ,
